<?xml version="1.0" encoding="utf-8" ?>
<access component="com_dvdstore">
	<section name="component">
		<action name="core.admin" title="JACTION_ADMIN" description="JACTION_ADMIN_COMPONENT_DESC" />
		<action name="core.options" title="JACTION_OPTIONS" description="JACTION_OPTIONS_COMPONENT_DESC" />
		<action name="core.manage" title="JACTION_MANAGE" description="JACTION_MANAGE_COMPONENT_DESC" />
		<action name="core.create" title="JACTION_CREATE" description="JACTION_CREATE_COMPONENT_DESC" />
		<action name="core.delete" title="JACTION_DELETE" description="JACTION_DELETE_COMPONENT_DESC" />
		<action name="core.edit" title="JACTION_EDIT" description="JACTION_EDIT_COMPONENT_DESC" />
		<action name="core.edit.state" title="JACTION_EDITSTATE" description="JACTION_EDITSTATE_COMPONENT_DESC" />
		<action name="core.edit.own" title="JACTION_EDITOWN" description="JACTION_EDITOWN_COMPONENT_DESC" />
	</section>
	<section name="dvd">
		<action name="core.delete" title="JACTION_DELETE" description="COM_BOOKSTORE_ACCESS_DELETE_DESC" />
		<action name="core.edit" title="JACTION_EDIT" description="COM_BOOKSTORE_ACCESS_DELETE_DESC" />
		<action name="core.edit.state" title="JACTION_EDITSTATE" description="COM_BOOKSTORE_ACCESS_DELETE_DESC" />
	</section>
	<section name="assessment">
		<action name="core.delete" title="JACTION_DELETE" description="COM_BOOKSTORE_ACCESS_DELETE_DESC" />
		<action name="core.edit" title="JACTION_EDIT" description="COM_BOOKSTORE_ACCESS_DELETE_DESC" />
		<action name="core.edit.state" title="JACTION_EDITSTATE" description="COM_BOOKSTORE_ACCESS_DELETE_DESC" />
	</section>
	<section name="director">
		<action name="core.delete" title="JACTION_DELETE" description="COM_BOOKSTORE_ACCESS_DELETE_DESC" />
		<action name="core.edit" title="JACTION_EDIT" description="COM_BOOKSTORE_ACCESS_DELETE_DESC" />
		<action name="core.edit.state" title="JACTION_EDITSTATE" description="COM_BOOKSTORE_ACCESS_DELETE_DESC" />
	</section>
	<section name="location">
		<action name="core.delete" title="JACTION_DELETE" description="COM_BOOKSTORE_ACCESS_DELETE_DESC" />
		<action name="core.edit" title="JACTION_EDIT" description="COM_BOOKSTORE_ACCESS_DELETE_DESC" />
		<action name="core.edit.state" title="JACTION_EDITSTATE" description="COM_BOOKSTORE_ACCESS_DELETE_DESC" />
	</section>
	<section name="object_type">
		<action name="core.delete" title="JACTION_DELETE" description="COM_BOOKSTORE_ACCESS_DELETE_DESC" />
		<action name="core.edit" title="JACTION_EDIT" description="COM_BOOKSTORE_ACCESS_DELETE_DESC" />
		<action name="core.edit.state" title="JACTION_EDITSTATE" description="COM_BOOKSTORE_ACCESS_DELETE_DESC" />
	</section>
	<section name="publisher">
		<action name="core.delete" title="JACTION_DELETE" description="COM_BOOKSTORE_ACCESS_DELETE_DESC" />
		<action name="core.edit" title="JACTION_EDIT" description="COM_BOOKSTORE_ACCESS_DELETE_DESC" />
		<action name="core.edit.state" title="JACTION_EDITSTATE" description="COM_BOOKSTORE_ACCESS_DELETE_DESC" />
	</section>
	<section name="subcategory">
		<action name="core.delete" title="JACTION_DELETE" description="COM_BOOKSTORE_ACCESS_DELETE_DESC" />
		<action name="core.edit" title="JACTION_EDIT" description="COM_BOOKSTORE_ACCESS_DELETE_DESC" />
		<action name="core.edit.state" title="JACTION_EDITSTATE" description="COM_BOOKSTORE_ACCESS_DELETE_DESC" />
	</section>
	<section name="actor">
		<action name="core.delete" title="JACTION_DELETE" description="COM_BOOKSTORE_ACCESS_DELETE_DESC" />
		<action name="core.edit" title="JACTION_EDIT" description="COM_BOOKSTORE_ACCESS_DELETE_DESC" />
		<action name="core.edit.state" title="JACTION_EDITSTATE" description="COM_BOOKSTORE_ACCESS_DELETE_DESC" />
	</section>
	<section name="film_production">
		<action name="core.delete" title="JACTION_DELETE" description="COM_BOOKSTORE_ACCESS_DELETE_DESC" />
		<action name="core.edit" title="JACTION_EDIT" description="COM_BOOKSTORE_ACCESS_DELETE_DESC" />
		<action name="core.edit.state" title="JACTION_EDITSTATE" description="COM_BOOKSTORE_ACCESS_DELETE_DESC" />
	</section>
	<section name="purchase_code">
		<action name="core.delete" title="JACTION_DELETE" description="COM_BOOKSTORE_ACCESS_DELETE_DESC" />
		<action name="core.edit" title="JACTION_EDIT" description="COM_BOOKSTORE_ACCESS_DELETE_DESC" />
		<action name="core.edit.state" title="JACTION_EDITSTATE" description="COM_BOOKSTORE_ACCESS_DELETE_DESC" />
	</section>
	<section name="language">
		<action name="core.delete" title="JACTION_DELETE" description="COM_BOOKSTORE_ACCESS_DELETE_DESC" />
		<action name="core.edit" title="JACTION_EDIT" description="COM_BOOKSTORE_ACCESS_DELETE_DESC" />
		<action name="core.edit.state" title="JACTION_EDITSTATE" description="COM_BOOKSTORE_ACCESS_DELETE_DESC" />
	</section>
	<section name="country">
		<action name="core.delete" title="JACTION_DELETE" description="COM_BOOKSTORE_ACCESS_DELETE_DESC" />
		<action name="core.edit" title="JACTION_EDIT" description="COM_BOOKSTORE_ACCESS_DELETE_DESC" />
		<action name="core.edit.state" title="JACTION_EDITSTATE" description="COM_BOOKSTORE_ACCESS_DELETE_DESC" />
	</section>
</access>